date,REGIME,CPI_YOY,GDP_GAP_SMOOTH,UNEMP_GAP
1971-01-31,Stagflation,5.277,-0.4223,-0.0478
1971-02-28,Stagflation,4.7244,-0.3485,-0.0529
1971-03-31,Stagflation,4.4386,-0.385,0.0421
1971-04-30,Stagflation,4.1558,-0.4702,-0.063
1971-05-31,Stagflation,4.4041,-0.6162,-0.0682
1971-06-30,Stagflation,4.3814,-0.6796,-0.0733
1971-07-31,Stagflation,4.3702,-0.6713,0.0215
1971-08-31,Stagflation,4.359,-0.7149,0.1163
1971-09-30,Stagflation,4.0816,-0.8599,0.011
1971-10-31,Stagflation,3.8071,-1.0445,-0.1942
1971-11-30,Stagflation,3.5354,-1.1215,0.0006
1971-12-31,Stagflation,3.2663,-0.9968,-0.0047
1972-01-31,Stagflation,3.2581,-0.6579,-0.2099
1972-02-29,Stagflation,3.7594,-0.1807,-0.3152
1972-03-31,Overheating,3.5,0.3549,-0.2204
1972-04-30,Overheating,3.4913,0.8384,-0.3257
1972-05-31,Overheating,3.2258,1.1835,-0.3309
1972-06-30,Overheating,2.963,1.3467,-0.3361
1972-07-31,Overheating,2.9557,1.3908,-0.4413
1972-08-31,Overheating,2.9484,1.4364,-0.4464
1972-09-30,Overheating,3.1863,1.5768,-0.5516
1972-10-31,Overheating,3.1785,1.8614,-0.4567
1972-11-30,Overheating,3.4146,2.2823,-0.7617
1972-12-31,Overheating,3.4063,2.8091,-0.8667
1973-01-31,Overheating,3.6408,3.3632,-1.1717
1973-02-28,Overheating,3.8647,3.8397,-1.0766
1973-03-31,Overheating,4.8309,4.1531,-1.1815
1973-04-30,Overheating,5.3012,4.2308,-1.0863
1973-05-31,Overheating,5.5288,4.0378,-1.191
1973-06-30,Overheating,5.9952,3.622,-1.1957
1973-07-31,Overheating,5.7416,3.143,-1.3004
1973-08-31,Overheating,7.3986,2.8305,-1.3049
1973-09-30,Overheating,7.3634,2.7491,-1.3093
1973-10-31,Overheating,8.0569,2.7733,-1.5138
1973-11-30,Overheating,8.2547,2.6408,-1.3181
1973-12-31,Overheating,8.9412,2.2297,-1.2224
1974-01-31,Overheating,9.6019,1.6377,-1.0266
1974-02-28,Overheating,10.0,1.1128,-0.9306
1974-03-31,Overheating,10.1382,0.7739,-1.0347
1974-04-30,Overheating,10.0686,0.5575,-1.0387
1974-05-31,Overheating,10.7062,0.255,-1.0425
1974-06-30,Stagflation,10.8597,-0.2179,-0.7463
1974-07-31,Stagflation,11.5385,-0.8192,-0.6501
1974-08-31,Stagflation,10.8889,-1.3865,-0.6537
1974-09-30,Stagflation,11.9469,-1.8471,-0.2573
1974-10-31,Stagflation,11.8421,-2.2507,-0.1608
1974-11-30,Stagflation,12.2004,-2.7289,0.4358
1974-12-31,Stagflation,12.095,-3.3407,1.0325
1975-01-31,Stagflation,11.7521,-3.9975,1.9292
1975-02-28,Stagflation,11.2051,-4.5233,1.926
1975-03-31,Stagflation,10.4603,-4.8068,2.4229
1975-04-30,Stagflation,10.1871,-4.8339,2.6198
1975-05-31,Stagflation,9.2593,-4.6761,2.8169
1975-06-30,Stagflation,9.1837,-4.4105,2.614
1975-07-31,Stagflation,9.5335,-4.1188,2.4111
1975-08-31,Stagflation,8.6172,-3.8784,2.2084
1975-09-30,Stagflation,7.9051,-3.6988,2.2057
1975-10-31,Stagflation,7.6471,-3.5177,2.203
1975-11-30,Stagflation,7.3786,-3.2318,2.1005
1975-12-31,Stagflation,7.1291,-2.8076,1.998
1976-01-31,Stagflation,6.6922,-2.333,1.6955
1976-02-29,Stagflation,6.2738,-1.9655,1.4932
1976-03-31,Stagflation,6.0606,-1.7968,1.3909
1976-04-30,Stagflation,5.8491,-1.8084,1.4886
1976-05-31,Stagflation,6.2147,-1.9016,1.1866
1976-06-30,Stagflation,5.9813,-2.0019,1.3845
1976-07-31,Stagflation,5.5556,-2.0789,1.5824
1976-08-31,Stagflation,5.7196,-2.1352,1.5806
1976-09-30,Stagflation,5.4945,-2.1761,1.3787
1976-10-31,Stagflation,5.4645,-2.1975,1.4769
1976-11-30,Stagflation,5.0633,-2.1891,1.5753
1976-12-31,Stagflation,5.036,-2.1345,1.5737
1977-01-31,Stagflation,5.1971,-2.0127,1.2721
1977-02-28,Stagflation,6.0823,-1.8135,1.3707
1977-03-31,Stagflation,6.4286,-1.5227,1.1693
1977-04-30,Stagflation,6.9519,-1.1594,0.968
1977-05-31,Stagflation,6.7376,-0.7415,0.7669
1977-06-30,Stagflation,6.7019,-0.3379,0.9658
1977-07-31,Stagflation,6.6667,-0.0179,0.6647
1977-08-31,Stagflation,6.6318,0.1258,0.7639
1977-09-30,Stagflation,6.4236,0.0563,0.5631
1977-10-31,Stagflation,6.3903,-0.2224,0.5622
1977-11-30,Stagflation,6.7126,-0.6342,0.5617
1977-12-31,Stagflation,6.6781,-1.0432,0.1612
1978-01-31,Stagflation,6.8143,-1.2197,0.1607
1978-02-28,Stagflation,6.2395,-0.9607,0.0605
1978-03-31,Stagflation,6.3758,-0.2087,0.0603
1978-04-30,Overheating,6.5,0.7705,-0.1399
1978-05-31,Overheating,7.1429,1.5851,-0.2398
1978-06-30,Overheating,7.438,1.9753,-0.3397
1978-07-31,Overheating,7.7303,2.0165,-0.0396
1978-08-31,Overheating,7.856,1.9839,-0.3391
1978-09-30,Overheating,8.4829,2.0491,-0.2387
1978-10-31,Overheating,8.9286,2.2008,-0.4382
1978-11-30,Overheating,8.871,2.2853,-0.3375
1978-12-31,Overheating,8.9888,2.2042,-0.2367
1979-01-31,Overheating,9.2504,1.9567,-0.3359
1979-02-28,Overheating,9.8413,1.6355,-0.3348
1979-03-31,Overheating,10.2524,1.3134,-0.4337
1979-04-30,Overheating,10.4851,1.0569,-0.4326
1979-05-31,Overheating,10.6977,0.8935,-0.6312
1979-06-30,Overheating,11.0769,0.8291,-0.5298
1979-07-31,Overheating,11.4504,0.8055,-0.5284
1979-08-31,Overheating,11.8361,0.7379,-0.2267
1979-09-30,Overheating,11.8797,0.5988,-0.325
1979-10-31,Overheating,12.0715,0.4325,-0.2233
1979-11-30,Overheating,12.5926,0.3289,-0.3233
1979-12-31,Overheating,13.2548,0.2826,-0.2232
1980-01-31,Stagflation,13.8686,0.1654,0.0768
1980-02-29,Stagflation,14.1618,-0.205,0.0797
1980-03-31,Stagflation,14.5923,-0.9032,0.0826
1980-04-30,Stagflation,14.5892,-1.7799,0.6856
1980-05-31,Stagflation,14.4258,-2.5847,1.2885
1980-06-30,Stagflation,14.2659,-3.1065,1.3914
1980-07-31,Stagflation,13.1507,-3.306,1.5943
1980-08-31,Stagflation,12.8901,-3.236,1.4972
1980-09-30,Stagflation,12.7688,-2.9685,1.3002
1980-10-31,Stagflation,12.633,-2.5369,1.3031
1980-11-30,Stagflation,12.6316,-1.9814,1.306
1980-12-31,Stagflation,12.3537,-1.3859,1.0089
1981-01-31,Stagflation,11.7949,-0.9357,1.3119
1981-02-28,Stagflation,11.3924,-0.8161,1.2148
1981-03-31,Stagflation,10.6117,-1.0789,1.2178
1981-04-30,Stagflation,10.136,-1.5241,1.0207
1981-05-31,Stagflation,9.7919,-1.8321,1.3236
1981-06-30,Stagflation,9.697,-1.8401,1.3266
1981-07-31,Stagflation,10.7748,-1.6606,1.0295
1981-08-31,Stagflation,10.8173,-1.5974,1.2325
1981-09-30,Stagflation,10.9654,-1.8397,1.4355
1981-10-31,Stagflation,10.2715,-2.4169,1.7384
1981-11-30,Stagflation,9.5794,-3.1888,2.1414
1981-12-31,Stagflation,8.912,-4.0165,2.3444
1982-01-31,Stagflation,8.2569,-4.7401,2.4474
1982-02-28,Stagflation,7.6136,-5.2367,2.7504
1982-03-31,Stagflation,6.8849,-5.4779,2.8534
1982-04-30,Stagflation,6.6218,-5.56,3.1564
1982-05-31,Stagflation,6.9119,-5.6666,3.2595
1982-06-30,Stagflation,7.1823,-5.8932,3.4625
1982-07-31,Stagflation,6.5574,-6.2402,3.6655
1982-08-31,Stagflation,5.9653,-6.6142,3.6686
1982-09-30,Stagflation,4.9409,-6.9347,3.9717
1982-10-31,Stagflation,5.0321,-7.1513,4.2747
1982-11-30,Stagflation,4.4776,-7.2452,4.6778
1982-12-31,Stagflation,3.8257,-7.2076,4.6809
1983-01-31,Stagflation,3.7076,-7.0284,4.284
1983-02-28,Stagflation,3.4847,-6.7237,4.2872
1983-03-31,Stagflation,3.5903,-6.305,4.1903
1983-04-30,Stagflation,4.0,-5.832,4.0935
1983-05-31,Stagflation,3.4411,-5.3537,3.9967
1983-06-30,Deflationary Bust,2.4742,-4.9271,3.9999
1983-07-31,Deflationary Bust,2.359,-4.5381,3.3031
1983-08-31,Deflationary Bust,2.4565,-4.1553,3.4063
1983-09-30,Stagflation,2.7636,-3.7565,3.1096
1983-10-31,Stagflation,2.7523,-3.3433,2.7128
1983-11-30,Stagflation,3.1633,-2.9408,2.4161
1983-12-31,Stagflation,3.7871,-2.5535,2.2194
1984-01-31,Stagflation,4.2901,-2.1858,1.9228
1984-02-29,Stagflation,4.6939,-1.8329,1.7261
1984-03-31,Stagflation,4.893,-1.4971,1.7295
1984-04-30,Stagflation,4.5547,-1.207,1.6329
1984-05-31,Stagflation,4.3347,-0.9901,1.3363
1984-06-30,Stagflation,4.326,-0.8708,1.1398
1984-07-31,Stagflation,4.3086,-0.8329,1.4432
1984-08-31,Stagflation,4.2957,-0.8424,1.4467
1984-09-30,Stagflation,4.2829,-0.8654,1.2503
1984-10-31,Stagflation,4.2659,-0.8779,1.3538
1984-11-30,Stagflation,4.1543,-0.8665,1.1574
1984-12-31,Stagflation,4.0434,-0.8332,1.261
1985-01-31,Stagflation,3.526,-0.7978,1.2646
1985-02-28,Stagflation,3.6062,-0.7862,1.1683
1985-03-31,Stagflation,3.7901,-0.7977,1.172
1985-04-30,Stagflation,3.5818,-0.7908,1.2757
1985-05-31,Stagflation,3.5749,-0.7021,1.1795
1985-06-30,Stagflation,3.6644,-0.5207,1.3833
1985-07-31,Stagflation,3.4582,-0.3003,1.3871
1985-08-31,Stagflation,3.3525,-0.1445,1.091
1985-09-30,Stagflation,3.2474,-0.0975,1.0949
1985-10-31,Stagflation,3.235,-0.1323,1.0988
1985-11-30,Stagflation,3.5138,-0.1644,1.0029
1985-12-31,Stagflation,3.7915,-0.1526,1.0069
1986-01-31,Stagflation,3.9735,-0.1216,0.7109
1986-02-28,Stagflation,3.1985,-0.1354,1.215
1986-03-31,Deflationary Bust,2.1536,-0.2246,1.2191
1986-04-30,Deflationary Bust,1.5888,-0.35,1.1233
1986-05-31,Deflationary Bust,1.6791,-0.4368,1.2275
1986-06-30,Deflationary Bust,1.7674,-0.4449,1.2317
1986-07-31,Deflationary Bust,1.6713,-0.4012,1.036
1986-08-31,Deflationary Bust,1.5755,-0.3775,0.9403
1986-09-30,Deflationary Bust,1.7576,-0.4141,1.0447
1986-10-31,Deflationary Bust,1.5668,-0.5065,1.049
1986-11-30,Deflationary Bust,1.2844,-0.6097,0.9535
1986-12-31,Deflationary Bust,1.1872,-0.6856,0.6579
1987-01-31,Deflationary Bust,1.3649,-0.7074,0.6624
1987-02-28,Deflationary Bust,1.9143,-0.6704,0.6669
1987-03-31,Stagflation,2.8414,-0.5847,0.6715
1987-04-30,Stagflation,3.6799,-0.4912,0.376
1987-05-31,Stagflation,3.6697,-0.4362,0.3807
1987-06-30,Stagflation,3.7477,-0.425,0.2853
1987-07-31,Stagflation,3.9269,-0.3959,0.19
1987-08-31,Stagflation,4.2883,-0.2527,0.0947
1987-09-30,Stagflation,4.2727,0.0173,-0.0006
1987-10-31,Stagflation,4.3557,0.3285,0.1042
1987-11-30,Overheating,4.529,0.5248,-0.091
1987-12-31,Overheating,4.3321,0.5485,-0.1862
1988-01-31,Overheating,4.1293,0.4678,-0.1814
1988-02-29,Overheating,3.9356,0.4397,-0.1765
1988-03-31,Overheating,3.8324,0.545,-0.1716
1988-04-30,Overheating,3.9929,0.7321,-0.4667
1988-05-31,Overheating,3.9823,0.8704,-0.2617
1988-06-30,Overheating,3.9648,0.892,-0.4568
1988-07-31,Overheating,4.1301,0.841,-0.4518
1988-08-31,Overheating,4.112,0.8366,-0.2468
1988-09-30,Overheating,4.1848,0.9419,-0.4418
1988-10-31,Overheating,4.2609,1.142,-0.4368
1988-11-30,Overheating,4.2461,1.3529,-0.5317
1988-12-31,Overheating,4.4118,1.518,-0.5266
1989-01-31,Overheating,4.4828,1.6159,-0.4215
1989-02-28,Overheating,4.6472,1.6637,-0.6164
1989-03-31,Overheating,4.8927,1.6834,-0.8112
1989-04-30,Overheating,5.0341,1.6991,-0.6061
1989-05-31,Overheating,5.2766,1.7307,-0.6009
1989-06-30,Overheating,5.1695,1.7705,-0.4957
1989-07-31,Overheating,5.0633,1.7809,-0.5905
1989-08-31,Overheating,4.6218,1.7079,-0.5853
1989-09-30,Overheating,4.4351,1.5535,-0.4801
1989-10-31,Overheating,4.5872,1.3828,-0.4748
1989-11-30,Overheating,4.655,1.3041,-0.3695
1989-12-31,Overheating,4.6396,1.3569,-0.3642
1990-01-31,Overheating,5.198,1.4898,-0.359
1990-02-28,Overheating,5.2632,1.5868,-0.4536
1990-03-31,Overheating,5.2373,1.5764,-0.5483
1990-04-30,Overheating,4.7116,1.4669,-0.343
1990-05-31,Overheating,4.3654,1.3155,-0.3376
1990-06-30,Overheating,4.6737,1.1529,-0.5323
1990-07-31,Overheating,4.8193,0.9493,-0.2269
1990-08-31,Overheating,5.7028,0.6431,-0.0215
1990-09-30,Stagflation,6.1699,0.2142,0.1839
1990-10-31,Stagflation,6.3796,-0.3093,0.1893
1990-11-30,Stagflation,6.1954,-0.845,0.4947
1990-12-31,Stagflation,6.2549,-1.3301,0.6001
1991-01-31,Stagflation,5.6471,-1.6969,0.7056
1991-02-28,Stagflation,5.3125,-1.9098,0.911
1991-03-31,Stagflation,4.8212,-1.9669,1.1165
1991-04-30,Stagflation,4.8099,-1.9208,1.0219
1991-05-31,Stagflation,5.0349,-1.8557,1.2274
1991-06-30,Stagflation,4.6959,-1.8316,1.2329
1991-07-31,Stagflation,4.3678,-1.8731,1.1384
1991-08-31,Stagflation,3.7994,-1.971,1.2439
1991-09-30,Stagflation,3.3962,-2.0923,1.2494
1991-10-31,Stagflation,2.8486,-2.1869,1.3548
1991-11-30,Stagflation,3.0666,-2.1976,1.3604
1991-12-31,Stagflation,2.9806,-2.102,1.6659
1992-01-31,Stagflation,2.6726,-1.9236,1.6714
1992-02-29,Stagflation,2.819,-1.7241,1.7769
1992-03-31,Stagflation,3.1899,-1.5448,1.7824
1992-04-30,Stagflation,3.1828,-1.4044,1.7879
1992-05-31,Stagflation,3.0236,-1.2911,1.9934
1992-06-30,Stagflation,3.0147,-1.1938,2.199
1992-07-31,Stagflation,3.1571,-1.0877,2.1045
1992-08-31,Stagflation,3.0747,-0.9528,2.01
1992-09-30,Stagflation,2.9927,-0.8001,2.0155
1992-10-31,Stagflation,3.2799,-0.6783,1.721
1992-11-30,Stagflation,3.1205,-0.6562,1.83
1992-12-31,Stagflation,2.9667,-0.7537,1.839
1993-01-31,Stagflation,3.2538,-0.9246,1.748
1993-02-28,Stagflation,3.2468,-1.0766,1.5545
1993-03-31,Stagflation,3.0194,-1.162,1.461
1993-04-30,Stagflation,3.1564,-1.198,1.5675
1993-05-31,Stagflation,3.2212,-1.2484,1.574
1993-06-30,Stagflation,2.9979,-1.33,1.4806
1993-07-31,Stagflation,2.847,-1.4018,1.3871
1993-08-31,Stagflation,2.8409,-1.3806,1.2937
1993-09-30,Stagflation,2.764,-1.2414,1.2003
1993-10-31,Stagflation,2.7523,-1.0275,1.3069
1993-11-30,Stagflation,2.7445,-0.8381,1.1135
1993-12-31,Stagflation,2.811,-0.7152,1.0201
1994-01-31,Stagflation,2.451,-0.6303,1.1267
1994-02-28,Stagflation,2.5157,-0.509,1.1333
1994-03-31,Stagflation,2.6518,-0.3164,1.0399
1994-04-30,Deflationary Bust,2.3644,-0.1043,0.9465
1994-05-31,Deflationary Bust,2.2885,0.0362,0.6531
1994-06-30,Deflationary Bust,2.4948,0.0593,0.6597
1994-07-31,Stagflation,2.699,0.0153,0.6663
1994-08-31,Stagflation,2.9006,0.0126,0.5728
1994-09-30,Stagflation,2.9655,0.0986,0.4794
1994-10-31,Stagflation,2.6099,0.2383,0.3859
1994-11-30,Stagflation,2.6027,0.3312,0.1924
1994-12-31,Stagflation,2.5974,0.3168,0.0988
1995-01-31,Stagflation,2.8708,0.1933,0.2053
1995-02-28,Stagflation,2.863,0.0175,0.0117
1995-03-31,Stagflation,2.7872,-0.1642,0.0181
1995-04-30,Stagflation,3.125,-0.3076,0.4244
1995-05-31,Stagflation,3.1186,-0.3897,0.2307
1995-06-30,Stagflation,3.0426,-0.3994,0.237
1995-07-31,Stagflation,2.8302,-0.3605,0.3432
1995-08-31,Stagflation,2.6174,-0.3161,0.3493
1995-09-30,Stagflation,2.5452,-0.2979,0.2555
1995-10-31,Stagflation,2.7443,-0.3199,0.1616
1995-11-30,Stagflation,2.6035,-0.3745,0.2676
1995-12-31,Stagflation,2.5316,-0.4316,0.2735
1996-01-31,Stagflation,2.7907,-0.434,0.2795
1996-02-29,Stagflation,2.717,-0.3238,0.1853
1996-03-31,Stagflation,2.8439,-0.0883,0.1911
1996-04-30,Stagflation,2.8327,0.1996,0.2969
1996-05-31,Stagflation,2.8271,0.4314,0.3025
1996-06-30,Stagflation,2.8215,0.5424,0.0081
1996-07-31,Stagflation,2.8834,0.5612,0.2137
1996-08-31,Overheating,2.8123,0.571,-0.1809
1996-09-30,Overheating,3.0046,0.6135,-0.0754
1996-10-31,Overheating,3.0619,0.6653,-0.07
1996-11-30,Stagflation,3.2531,0.6599,0.1352
1996-12-31,Stagflation,3.3788,0.5816,0.1404
1997-01-31,Stagflation,3.0381,0.4903,0.0456
1997-02-28,Stagflation,3.0323,0.4857,-0.0494
1997-03-31,Stagflation,2.7653,0.6227,-0.0445
1997-04-30,Goldilocks,2.4343,0.8606,-0.1395
1997-05-31,Goldilocks,2.2379,1.1089,-0.3347
1997-06-30,Goldilocks,2.2336,1.2883,-0.2299
1997-07-31,Goldilocks,2.1656,1.3784,-0.3252
1997-08-31,Goldilocks,2.2901,1.3934,-0.4206
1997-09-30,Goldilocks,2.2194,1.3624,-0.3161
1997-10-31,Goldilocks,2.086,1.3134,-0.5116
1997-11-30,Goldilocks,1.8904,1.2745,-0.6073
1997-12-31,Goldilocks,1.697,1.2563,-0.503
1998-01-31,Goldilocks,1.6311,1.2512,-0.5987
1998-02-28,Goldilocks,1.4402,1.2388,-0.5946
1998-03-31,Goldilocks,1.3767,1.209,-0.4905
1998-04-30,Goldilocks,1.4384,1.1715,-0.8864
1998-05-31,Goldilocks,1.6886,1.1489,-0.7826
1998-06-30,Goldilocks,1.623,1.1644,-0.6787
1998-07-31,Goldilocks,1.7456,1.2356,-0.6748
1998-08-31,Goldilocks,1.6169,1.3711,-0.6712
1998-09-30,Goldilocks,1.4268,1.5526,-0.5676
1998-10-31,Goldilocks,1.4861,1.7375,-0.6639
1998-11-30,Goldilocks,1.4842,1.8646,-0.7605
1998-12-31,Goldilocks,1.6069,1.9044,-0.7571
1999-01-31,Goldilocks,1.6667,1.8614,-0.8537
1999-02-28,Goldilocks,1.6667,1.7766,-0.7504
1999-03-31,Goldilocks,1.7284,1.6819,-0.9472
1999-04-30,Goldilocks,2.2811,1.6044,-0.844
1999-05-31,Goldilocks,2.091,1.5588,-0.941
1999-06-30,Goldilocks,1.9656,1.5682,-0.8379
1999-07-31,Goldilocks,2.1446,1.6565,-0.8349
1999-08-31,Goldilocks,2.2644,1.8404,-0.9321
1999-09-30,Overheating,2.63,2.0798,-0.9292
1999-10-31,Overheating,2.5625,2.2735,-1.0264
1999-11-30,Overheating,2.6204,2.2926,-1.0237
1999-12-31,Overheating,2.6764,2.1197,-1.1211
2000-01-31,Overheating,2.793,1.8844,-1.1184
2000-02-29,Overheating,3.218,1.7988,-1.0159
2000-03-31,Overheating,3.7621,1.95,-1.1134
2000-04-30,Overheating,3.0139,2.2166,-1.3109
2000-05-31,Overheating,3.1325,2.3568,-1.1086
2000-06-30,Overheating,3.7349,2.2463,-1.1062
2000-07-31,Overheating,3.5993,1.949,-1.1039
2000-08-31,Overheating,3.3513,1.6616,-1.0017
2000-09-30,Overheating,3.4565,1.4836,-1.1995
2000-10-31,Overheating,3.4503,1.3717,-1.1973
2000-11-30,Overheating,3.4442,1.1816,-1.1953
2000-12-31,Overheating,3.436,0.8478,-1.1932
2001-01-31,Overheating,3.7212,0.444,-0.8912
2001-02-28,Overheating,3.5294,0.128,-0.8892
2001-03-31,Stagflation,2.9825,-0.0303,-0.7873
2001-04-30,Stagflation,3.2183,-0.095,-0.6854
2001-05-31,Stagflation,3.5631,-0.2265,-0.7836
2001-06-30,Stagflation,3.194,-0.498,-0.5818
2001-07-31,Stagflation,2.7215,-0.8804,-0.48
2001-08-31,Stagflation,2.7215,-1.2492,-0.1783
2001-09-30,Stagflation,2.5922,-1.5182,-0.0767
2001-10-31,Deflationary Bust,2.1277,-1.6575,0.225
2001-11-30,Deflationary Bust,1.8944,-1.6933,0.4266
2001-12-31,Deflationary Bust,1.6037,-1.6631,0.6281
2002-01-31,Deflationary Bust,1.1959,-1.6032,0.6297
2002-02-28,Deflationary Bust,1.1364,-1.5493,0.6311
2002-03-31,Deflationary Bust,1.3629,-1.5218,0.6326
2002-04-30,Deflationary Bust,1.644,-1.5233,0.834
2002-05-31,Deflationary Bust,1.2408,-1.5436,0.7353
2002-06-30,Deflationary Bust,1.0692,-1.5798,0.7367
2002-07-31,Deflationary Bust,1.4656,-1.6416,0.738
2002-08-31,Deflationary Bust,1.7475,-1.7434,0.6392
2002-09-30,Deflationary Bust,1.516,-1.8813,0.6405
2002-10-31,Deflationary Bust,2.027,-2.0309,0.6417
2002-11-30,Deflationary Bust,2.2535,-2.1506,0.8428
2002-12-31,Deflationary Bust,2.4803,-2.2196,0.9439
2003-01-31,Stagflation,2.7575,-2.2375,0.745
2003-02-28,Stagflation,3.1461,-2.2245,0.846
2003-03-31,Stagflation,3.0252,-2.1808,0.847
2003-04-30,Deflationary Bust,2.1751,-2.0843,0.948
2003-05-31,Deflationary Bust,1.8942,-1.8938,1.0489
2003-06-30,Deflationary Bust,1.9488,-1.6081,1.2498
2003-07-31,Deflationary Bust,2.0556,-1.2603,1.1507
2003-08-31,Deflationary Bust,2.2161,-0.9236,1.0515
2003-09-30,Deflationary Bust,2.3783,-0.6504,1.0523
2003-10-31,Deflationary Bust,2.0419,-0.4685,0.9531
2003-11-30,Deflationary Bust,1.9284,-0.3768,0.7537
2003-12-31,Deflationary Bust,2.0352,-0.3554,0.6544
2004-01-31,Deflationary Bust,2.0263,-0.374,0.6551
2004-02-29,Deflationary Bust,1.6885,-0.3911,0.5556
2004-03-31,Deflationary Bust,1.7401,-0.3793,0.7562
2004-04-30,Deflationary Bust,2.2926,-0.3319,0.5567
2004-05-31,Stagflation,2.8978,-0.2563,0.5572
2004-06-30,Stagflation,3.1677,-0.1644,0.5576
2004-07-31,Stagflation,2.9396,-0.0635,0.458
2004-08-31,Stagflation,2.5474,0.0394,0.3584
2004-09-30,Stagflation,2.5392,0.1462,0.3587
2004-10-31,Stagflation,3.1909,0.2685,0.459
2004-11-30,Stagflation,3.6216,0.4186,0.3592
2004-12-31,Stagflation,3.3423,0.5914,0.3595
2005-01-31,Stagflation,2.8449,0.7473,0.2597
2005-02-28,Stagflation,3.053,0.8363,0.3598
2005-03-31,Stagflation,3.2068,0.8405,0.1599
2005-04-30,Stagflation,3.3618,0.797,0.16
2005-05-31,Stagflation,2.8693,0.7739,0.06
2005-06-30,Overheating,2.541,0.8026,-0.04
2005-07-31,Overheating,3.0672,0.8593,-0.04
2005-08-31,Overheating,3.6469,0.8839,-0.1401
2005-09-30,Overheating,4.7418,0.8636,-0.0402
2005-10-31,Overheating,4.3501,0.8481,-0.0403
2005-11-30,Overheating,3.3385,0.9261,-0.0405
2005-12-31,Overheating,3.3385,1.1249,-0.1406
2006-01-31,Overheating,4.0188,1.3788,-0.3408
2006-02-28,Overheating,3.6383,1.5631,-0.2411
2006-03-31,Overheating,3.4179,1.6004,-0.3413
2006-04-30,Overheating,3.6138,1.4959,-0.3416
2006-05-31,Overheating,3.9773,1.3143,-0.4419
2006-06-30,Overheating,4.1817,1.128,-0.4422
2006-07-31,Overheating,4.1047,0.9966,-0.3425
2006-08-31,Overheating,3.9266,0.9679,-0.3429
2006-09-30,Goldilocks,2.0121,1.0372,-0.5432
2006-10-31,Goldilocks,1.4063,1.1527,-0.6436
2006-11-30,Goldilocks,1.9687,1.2254,-0.544
2006-12-31,Goldilocks,2.524,1.2146,-0.6443
2007-01-31,Goldilocks,2.0758,1.1429,-0.4447
2007-02-28,Goldilocks,2.4203,1.0805,-0.5451
2007-03-31,Overheating,2.7982,1.0692,-0.6455
2007-04-30,Overheating,2.5929,1.102,-0.5459
2007-05-31,Overheating,2.7099,1.1388,-0.6462
2007-06-30,Overheating,2.6928,1.1598,-0.4466
2007-07-31,Overheating,2.3179,1.1806,-0.347
2007-08-31,Overheating,1.8974,1.2355,-0.4473
2007-09-30,Overheating,2.8338,1.3161,-0.3476
2007-10-31,Overheating,3.6107,1.3578,-0.3479
2007-11-30,Overheating,4.3733,1.2677,-0.3482
2007-12-31,Overheating,4.1088,1.0248,-0.0484
2008-01-31,Overheating,4.2947,0.714,-0.0487
2008-02-29,Overheating,4.143,0.485,-0.1489
2008-03-31,Overheating,3.9749,0.4128,0.051
2008-04-30,Overheating,3.9038,0.4529,-0.0492
2008-05-31,Stagflation,4.0884,0.4726,0.3508
2008-06-30,Stagflation,4.936,0.3592,0.5508
2008-07-31,Stagflation,5.4975,0.0348,0.7508
2008-08-31,Stagflation,5.308,-0.5295,1.0509
2008-09-30,Stagflation,4.9533,-1.2909,1.051
2008-10-31,Stagflation,3.7311,-2.1513,1.4512
2008-11-30,Deflationary Bust,1.0999,-2.9537,1.7515
2008-12-31,Deflationary Bust,-0.0222,-3.6165,2.2518
2009-01-31,Deflationary Bust,-0.1136,-4.103,2.7521
2009-02-28,Deflationary Bust,0.0085,-4.4467,3.2527
2009-03-31,Deflationary Bust,-0.4465,-4.6871,3.6532
2009-04-30,Deflationary Bust,-0.5763,-4.8532,3.9537
2009-05-31,Deflationary Bust,-1.0158,-4.9723,4.3545
2009-06-30,Deflationary Bust,-1.2292,-5.0361,4.4553
2009-07-31,Deflationary Bust,-1.9588,-5.0261,4.4561
2009-08-31,Deflationary Bust,-1.4838,-4.9118,4.5571
2009-09-30,Deflationary Bust,-1.3779,-4.705,4.7582
2009-10-31,Deflationary Bust,-0.224,-4.4609,4.9592
2009-11-30,Deflationary Bust,1.9146,-4.2682,4.8606
2009-12-31,Deflationary Bust,2.8141,-4.1599,4.8619
2010-01-31,Deflationary Bust,2.6211,-4.105,4.7633
2010-02-28,Deflationary Bust,2.1513,-4.0267,4.7649
2010-03-31,Deflationary Bust,2.2862,-3.876,4.8666
2010-04-30,Deflationary Bust,2.2068,-3.6698,4.8683
2010-05-31,Deflationary Bust,2.0035,-3.4575,4.5703
2010-06-30,Deflationary Bust,1.1216,-3.2833,4.3723
2010-07-31,Deflationary Bust,1.3408,-3.1446,4.3743
2010-08-31,Deflationary Bust,1.1502,-3.0201,4.4766
2010-09-30,Deflationary Bust,1.1183,-2.9106,4.479
2010-10-31,Deflationary Bust,1.1667,-2.8551,4.3814
2010-11-30,Deflationary Bust,1.0845,-2.9085,4.7841
2010-12-31,Deflationary Bust,1.4378,-3.0712,4.2868
2011-01-31,Deflationary Bust,1.7008,-3.2664,4.0896
2011-02-28,Deflationary Bust,2.1249,-3.3769,3.9927
2011-03-31,Stagflation,2.6192,-3.3526,3.9958
2011-04-30,Stagflation,3.0772,-3.2567,4.0989
2011-05-31,Stagflation,3.459,-3.2185,4.0024
2011-06-30,Stagflation,3.5023,-3.2939,4.1059
2011-07-31,Stagflation,3.5799,-3.4255,4.0094
2011-08-31,Stagflation,3.755,-3.4747,4.0133
2011-09-30,Stagflation,3.8126,-3.3728,4.0172
2011-10-31,Stagflation,3.5223,-3.1413,3.8211
2011-11-30,Stagflation,3.4514,-2.8848,3.6253
2011-12-31,Stagflation,3.0621,-2.6739,3.5296
2012-01-31,Stagflation,3.0088,-2.5369,3.3338
2012-02-29,Stagflation,2.8982,-2.4566,3.3385
2012-03-31,Stagflation,2.5829,-2.4174,3.2431
2012-04-30,Deflationary Bust,2.2732,-2.41,3.2477
2012-05-31,Deflationary Bust,1.7379,-2.4328,3.2527
2012-06-30,Deflationary Bust,1.6539,-2.4877,3.2577
2012-07-31,Deflationary Bust,1.4175,-2.5799,3.2627
2012-08-31,Deflationary Bust,1.6859,-2.71,3.1681
2012-09-30,Deflationary Bust,1.9497,-2.8534,2.8734
2012-10-31,Deflationary Bust,2.1557,-2.9566,2.8787
2012-11-30,Deflationary Bust,1.796,-2.9541,2.7844
2012-12-31,Deflationary Bust,1.7595,-2.8352,2.99
2013-01-31,Deflationary Bust,1.6841,-2.6614,3.0957
2013-02-28,Deflationary Bust,2.0181,-2.5391,2.8016
2013-03-31,Deflationary Bust,1.5187,-2.523,2.6076
2013-04-30,Deflationary Bust,1.1388,-2.5823,2.7135
2013-05-31,Deflationary Bust,1.3904,-2.628,2.6198
2013-06-30,Deflationary Bust,1.7158,-2.5962,2.626
2013-07-31,Deflationary Bust,1.8855,-2.4679,2.4322
2013-08-31,Deflationary Bust,1.5388,-2.2692,2.3386
2013-09-30,Deflationary Bust,1.0947,-2.0598,2.345
2013-10-31,Deflationary Bust,0.8768,-1.9271,2.3515
2013-11-30,Deflationary Bust,1.2329,-1.9613,2.0581
2013-12-31,Deflationary Bust,1.5128,-2.1663,1.8647
2014-01-31,Deflationary Bust,1.5578,-2.432,1.7714
2014-02-28,Deflationary Bust,1.1205,-2.5822,1.8782
2014-03-31,Deflationary Bust,1.6127,-2.5115,1.8849
2014-04-30,Deflationary Bust,2.0151,-2.2481,1.3917
2014-05-31,Deflationary Bust,2.1669,-1.9022,1.4986
2014-06-30,Deflationary Bust,2.059,-1.5831,1.3055
2014-07-31,Deflationary Bust,1.9742,-1.3457,1.4124
2014-08-31,Deflationary Bust,1.7151,-1.2137,1.3194
2014-09-30,Deflationary Bust,1.6841,-1.1684,1.1263
2014-10-31,Deflationary Bust,1.6095,-1.1644,0.9333
2014-11-30,Deflationary Bust,1.2315,-1.1354,1.0403
2014-12-31,Deflationary Bust,0.6531,-1.0479,0.8473
2015-01-31,Deflationary Bust,-0.2299,-0.917,0.9543
2015-02-28,Deflationary Bust,-0.087,-0.794,0.7612
2015-03-31,Deflationary Bust,-0.022,-0.7111,0.6682
2015-04-30,Deflationary Bust,-0.104,-0.6737,0.6752
2015-05-31,Deflationary Bust,0.035,-0.6633,0.8821
2015-06-30,Deflationary Bust,0.1796,-0.6734,0.589
2015-07-31,Deflationary Bust,0.2257,-0.7089,0.4959
2015-08-31,Deflationary Bust,0.2413,-0.7828,0.4027
2015-09-30,Deflationary Bust,0.0088,-0.8882,0.3095
2015-10-31,Deflationary Bust,0.1276,-0.9956,0.3163
2015-11-30,Deflationary Bust,0.4363,-1.0607,0.423
2015-12-31,Deflationary Bust,0.6387,-1.0701,0.3296
2016-01-31,Deflationary Bust,1.2375,-1.0485,0.1363
2016-02-29,Deflationary Bust,0.8473,-1.0467,0.2427
2016-03-31,Deflationary Bust,0.8916,-1.0881,0.3492
2016-04-30,Deflationary Bust,1.1726,-1.1507,0.4557
2016-05-31,Deflationary Bust,1.0785,-1.1845,0.1619
2016-06-30,Deflationary Bust,1.0793,-1.1623,0.2682
2016-07-31,Deflationary Bust,0.8684,-1.0957,0.1744
2016-08-31,Deflationary Bust,1.0553,-1.025,0.2804
2016-09-30,Deflationary Bust,1.5486,-0.9777,0.3864
2016-10-31,Deflationary Bust,1.6859,-0.9603,0.2924
2016-11-30,Deflationary Bust,1.6843,-0.9604,0.0982
2016-12-31,Deflationary Bust,2.0508,-0.9661,0.1039
2017-01-31,Deflationary Bust,2.5104,-0.9701,0.1096
2017-02-28,Deflationary Bust,2.8104,-0.969,0.015
2017-03-31,Deflationary Bust,2.4412,-0.9595,-0.1796
2017-04-30,Deflationary Bust,2.1762,-0.9386,-0.1742
2017-05-31,Deflationary Bust,1.8563,-0.9014,-0.1691
2017-06-30,Deflationary Bust,1.6406,-0.8415,-0.264
2017-07-31,Deflationary Bust,1.7251,-0.7458,-0.2589
2017-08-31,Deflationary Bust,1.9281,-0.6031,-0.1541
2017-09-30,Deflationary Bust,2.1806,-0.4181,-0.2494
2017-10-31,Deflationary Bust,2.0208,-0.2114,-0.3447
2017-11-30,Deflationary Bust,2.1725,-0.02,-0.3403
2017-12-31,Goldilocks,2.1299,0.134,-0.4359
2018-01-31,Goldilocks,2.1513,0.236,-0.5315
2018-02-28,Goldilocks,2.2635,0.2895,-0.4274
2018-03-31,Goldilocks,2.3309,0.3069,-0.5234
2018-04-30,Goldilocks,2.471,0.3128,-0.5194
2018-05-31,Overheating,2.7819,0.3364,-0.7157
2018-06-30,Overheating,2.8076,0.3803,-0.512
2018-07-31,Overheating,2.8541,0.4165,-0.7084
2018-08-31,Overheating,2.6429,0.3962,-0.705
2018-09-30,Goldilocks,2.3321,0.3075,-0.8017
2018-10-31,Goldilocks,2.492,0.1813,-0.6984
2018-11-30,Goldilocks,2.1473,0.0834,-0.6954
2018-12-31,Goldilocks,2.0024,0.0506,-0.5925
2019-01-31,Goldilocks,1.4876,0.0821,-0.4895
2019-02-28,Goldilocks,1.5189,0.1432,-0.6869
2019-03-31,Goldilocks,1.8832,0.2199,-0.6843
2019-04-30,Goldilocks,2.0006,0.3215,-0.7816
2019-05-31,Goldilocks,1.7959,0.4794,-0.8793
2019-06-30,Goldilocks,1.6712,0.6859,-0.877
2019-07-31,Goldilocks,1.8263,0.9003,-0.7747
2019-08-31,Goldilocks,1.7376,1.0525,-0.8727
2019-09-30,Goldilocks,1.6845,1.1302,-0.9707
2019-10-31,Goldilocks,1.734,1.1878,-0.8687
2019-11-30,Goldilocks,2.0923,1.2916,-0.867
2019-12-31,Goldilocks,2.3195,1.2755,-0.8652
2020-01-31,Goldilocks,2.5998,0.6663,-0.8635
2020-02-29,Deflationary Bust,2.3413,-1.0277,-0.962
2020-03-31,Deflationary Bust,1.494,-3.7642,-0.0605
2020-04-30,Deflationary Bust,0.313,-6.521,10.341
2020-05-31,Deflationary Bust,0.1982,-7.8659,8.7422
2020-06-30,Deflationary Bust,0.7167,-7.1287,6.5435
2020-07-31,Deflationary Bust,0.9969,-4.9173,5.7447
2020-08-31,Deflationary Bust,1.2811,-2.7289,3.9458
2020-09-30,Deflationary Bust,1.391,-1.4871,3.3469
2020-10-31,Deflationary Bust,1.2304,-1.2675,2.4479
2020-11-30,Deflationary Bust,1.1757,-1.4126,2.2477
2020-12-31,Deflationary Bust,1.3204,-1.4141,2.2474
2021-01-31,Deflationary Bust,1.3738,-1.1132,1.9471
2021-02-28,Deflationary Bust,1.6698,-0.653,1.7482
2021-03-31,Stagflation,2.6678,-0.167,1.6492
2021-04-30,Stagflation,4.1331,0.2302,1.6502
2021-05-31,Stagflation,4.9183,0.4956,1.3511
2021-06-30,Stagflation,5.2956,0.6258,1.4521
2021-07-31,Stagflation,5.2452,0.7242,0.953
2021-08-31,Stagflation,5.152,0.9343,0.6539
2021-09-30,Stagflation,5.3512,1.2873,0.2547
2021-10-31,Stagflation,6.235,1.6758,0.0556
2021-11-30,Overheating,6.902,1.8912,-0.3436
2021-12-31,Overheating,7.1743,1.8345,-0.5428
2022-01-31,Overheating,7.5588,1.5527,-0.4419
2022-02-28,Overheating,7.9373,1.2204,-0.5414
2022-03-31,Overheating,8.5722,0.956,-0.741
2022-04-30,Overheating,8.2318,0.8071,-0.7405
2022-05-31,Overheating,8.5382,0.7453,-0.84
2022-06-30,Overheating,8.9794,0.7471,-0.8394
2022-07-31,Overheating,8.4626,0.7803,-0.9389
2022-08-31,Overheating,8.2226,0.8172,-0.8384
2022-09-30,Overheating,8.1921,0.8436,-0.9378
2022-10-31,Overheating,7.7588,0.861,-0.8372
2022-11-30,Overheating,7.1229,0.8815,-0.8366
2022-12-31,Overheating,6.4046,0.9089,-0.9359
2023-01-31,Overheating,6.3272,0.9319,-0.9353
2023-02-28,Overheating,5.9578,0.9334,-0.8347
2023-03-31,Overheating,4.9177,0.9135,-0.9341
2023-04-30,Overheating,4.9501,0.9002,-1.0335
2023-05-31,Overheating,4.1319,0.9378,-0.8328
2023-06-30,Overheating,3.0706,1.0449,-0.8321
2023-07-31,Overheating,3.2877,1.2068,-0.9314
2023-08-31,Overheating,3.7225,1.377,-0.7305
2023-09-30,Overheating,3.6872,1.5111,-0.7297
2023-10-31,Overheating,3.2513,1.5701,-0.5288
2023-11-30,Overheating,3.1333,1.5314,-0.7278
2023-12-31,Overheating,3.3159,1.4075,-0.6267
2024-01-31,Overheating,3.0883,1.2545,-0.7257
2024-02-29,Overheating,3.1571,1.1531,-0.5245
2024-03-31,Overheating,3.4868,1.1482,-0.5233
2024-04-30,Overheating,3.3608,1.2245,-0.5222
2024-05-31,Overheating,3.2443,1.3282,-0.5208
2024-06-30,Overheating,2.9703,1.4166,-0.3195
2024-07-31,Overheating,2.9415,1.4774,-0.2182
2024-08-31,Overheating,2.6071,1.5149,-0.2167
2024-09-30,Overheating,2.4265,1.5215,-0.3152
2024-10-31,Overheating,2.5788,1.4658,-0.3137
2024-11-30,Overheating,2.7195,1.3126,-0.2122
2024-12-31,Overheating,2.8707,1.0685,-0.3106
2025-01-31,Overheating,2.991,0.8075,-0.409
2025-02-28,Overheating,2.8016,0.637,-0.2083
2025-03-31,Goldilocks,2.382,0.6211,-0.2076
2025-04-30,Goldilocks,2.3254,0.7458,-0.2069
2025-05-31,Goldilocks,2.3773,0.9464,-0.106
2025-06-30,Overheating,2.6805,1.1556,-0.3051
2025-07-31,Overheating,2.7426,1.3287,-0.1042
2025-08-31,Overheating,2.9386,1.4293,-0.1034
2025-09-30,Overheating,3.0226,1.4305,-0.0026
